{
	"info": {
		"_postman_id": "9b300ee2-0d48-469c-b5e4-f40407cfc891",
		"name": "TAREA-2",
		"schema": "https://schema.getpostman.com/json/collection/v2.1.0/collection.json",
		"_exporter_id": "43083822"
	},
	"item": [
		{
			"name": "http://localhost:3000/api/users",
			"request": {
				"method": "POST",
				"header": [],
				"body": {
					"mode": "raw",
					"raw": "{\r\n  \"name\": \"Juan Perez\",\r\n  \"email\": \"juan@example.com\",\r\n  \"password\": \"clave1223\",\r\n  \"age\": 22\r\n}\r\n",
					"options": {
						"raw": {
							"language": "json"
						}
					}
				},
				"url": {
					"raw": "http://localhost:3000/api/users",
					"protocol": "http",
					"host": [
						"localhost"
					],
					"port": "3000",
					"path": [
						"api",
						"users"
					]
				}
			},
			"response": []
		},
		{
			"name": "http://localhost:3000/api/users",
			"request": {
				"method": "GET",
				"header": [],
				"url": {
					"raw": "http://localhost:3000/api/users",
					"protocol": "http",
					"host": [
						"localhost"
					],
					"port": "3000",
					"path": [
						"api",
						"users"
					]
				}
			},
			"response": []
		},
		{
			"name": "http://localhost:3000/api/users/ana@example.com",
			"request": {
				"method": "GET",
				"header": [],
				"url": {
					"raw": "http://localhost:3000/api/users/ana@example.com",
					"protocol": "http",
					"host": [
						"localhost"
					],
					"port": "3000",
					"path": [
						"api",
						"users",
						"ana@example.com"
					]
				}
			},
			"response": []
		},
		{
			"name": "http://localhost:3000/api/users/juan@example.com",
			"request": {
				"method": "PUT",
				"header": [],
				"body": {
					"mode": "raw",
					"raw": "{\r\n  \"age\": 30\r\n}\r\n",
					"options": {
						"raw": {
							"language": "json"
						}
					}
				},
				"url": {
					"raw": "http://localhost:3000/api/users/juan@example.com",
					"protocol": "http",
					"host": [
						"localhost"
					],
					"port": "3000",
					"path": [
						"api",
						"users",
						"juan@example.com"
					],
					"query": [
						{
							"key": "Content-Type",
							"value": "application/json",
							"disabled": true
						}
					]
				}
			},
			"response": []
		},
		{
			"name": "http://localhost:3000/api/users/juan@example.com",
			"request": {
				"method": "DELETE",
				"header": [],
				"url": {
					"raw": "http://localhost:3000/api/users/juan@example.com",
					"protocol": "http",
					"host": [
						"localhost"
					],
					"port": "3000",
					"path": [
						"api",
						"users",
						"juan@example.com"
					]
				}
			},
			"response": []
		}
	]
}